"Team","Age","W","L","PW","PL","MOV","SOS","SRS","ORtg","DRtg","NRtg","Pace","FTr","3PAr","TS%","eFG%","TOV%","ORB%","FT/FGA","OPP_eFG%","OPP_TOV%","OPP_DRB%","OPP_FT/FGA","Arena","Attend.","Attend./G","season"
"Orlando Magic*","27.9","59","23","61","21","7.49","-0.37","7.12","111.4","103.3","+8.1","92.0",".340",".350",".573",0.536,13.6,24.6,0.246,0.477,12.2,77.4,0.205,"Amway Arena","715,901","17,461",2010
"Cleveland Cavaliers*","28.0","61","21","59","23","6.52","-0.36","6.17","111.2","104.1","+7.1","91.4",".341",".248",".570",0.532,13.4,25.1,0.246,0.482,12.3,77.2,0.218,"Quicken Loans Arena","843,042","20,562",2010
"Utah Jazz*","25.6","53","29","55","27","5.34","-0.01","5.33","110.7","105.0","+5.7","93.8",".340",".184",".565",0.524,14.2,26.8,0.252,0.492,14.2,75.6,0.269,"EnergySolutions Arena","794,512","19,378",2010
"San Antonio Spurs*","28.7","50","32","55","27","5.09","-0.02","5.07","110.0","104.5","+5.5","91.7",".296",".232",".552",0.515,12.9,26.8,0.219,0.483,12.1,76.3,0.214,"AT&T Center","741,676","18,090",2010
"Los Angeles Lakers*","28.4","57","25","54","28","4.72","0.06","4.78","108.8","103.7","+5.1","92.8",".289",".227",".538",0.496,12.4,27.6,0.221,0.484,13.2,74.4,0.195,"STAPLES Center","778,877","18,997",2010
"Phoenix Suns*","28.5","54","28","54","28","4.90","-0.23","4.67","115.3","110.2","+5.1","95.3",".312",".261",".585",0.546,13.6,27.6,0.24,0.491,11.6,70.8,0.224,"US Airways Center","723,582","17,648",2010
"Atlanta Hawks*","26.5","53","29","54","28","4.66","-0.22","4.44","111.9","106.7","+5.2","90.1",".281",".214",".545",0.506,11.4,28.2,0.213,0.496,13.2,72.7,0.208,"Philips Arena","678,375","16,546",2010
"Denver Nuggets*","27.7","53","29","52","30","4.09","0.06","4.15","111.8","107.5","+4.3","94.8",".376",".227",".561",0.509,12.7,26.1,0.29,0.495,13.8,72.4,0.251,"Pepsi Center","737,301","17,983",2010
"Oklahoma City Thunder*","23.2","50","32","51","31","3.49","0.06","3.55","108.3","104.6","+3.7","93.1",".333",".185",".547",0.494,13.9,28.6,0.268,0.483,14,73.6,0.229,"Oklahoma City Arena","738,149","18,004",2010
"Boston Celtics*","29.4","50","32","52","30","3.66","-0.29","3.37","107.7","103.8","+3.9","91.6",".332",".228",".564",0.522,14.5,22.8,0.248,0.487,14.9,73.8,0.251,"TD Garden","763,584","18,624",2010
"Portland Trail Blazers*","26.6","50","32","51","31","3.30","-0.13","3.18","110.8","107.1","+3.7","87.7",".315",".215",".547",0.499,12.1,28.2,0.249,0.502,13.3,74.8,0.219,"Rose Garden Arena","840,371","20,497",2010
"Dallas Mavericks*","30.7","55","27","49","33","2.72","-0.06","2.66","109.2","106.3","+2.9","92.5",".277",".222",".552",0.506,12.3,24.3,0.226,0.495,13.6,73.7,0.206,"American Airlines Center","819,770","19,994",2010
"Miami Heat*","27.1","47","35","48","34","2.28","-0.29","1.99","106.6","104.1","+2.5","89.6",".296",".219",".537",0.496,12.8,26.1,0.223,0.48,13.9,74.9,0.246,"AmericanAirlines Arena","726,935","17,730",2010
"Milwaukee Bucks*","26.4","46","36","46","36","1.70","-0.32","1.37","104.9","103.1","+1.8","91.7",".239",".259",".518",0.482,12.3,26.2,0.181,0.486,14.6,76.4,0.266,"Bradley Center","619,453","15,109",2010
"Charlotte Bobcats*","27.4","44","38","45","37","1.46","-0.17","1.30","104.4","102.8","+1.6","90.4",".346",".211",".538",0.49,15.1,26.5,0.26,0.491,14.7,74.2,0.194,"Time Warner Cable Arena","648,520","15,818",2010
"Houston Rockets","26.0","42","40","40","42","-0.37","0.35","-0.02","107.6","108.0","-0.4","94.0",".292",".265",".537",0.494,13.2,26.9,0.225,0.511,13.6,73.8,0.215,"Toyota Center","677,658","16,528",2010
"Memphis Grizzlies","24.1","40","42","37","45","-1.51","0.13","-1.39","108.3","109.9","-1.6","93.6",".320",".148",".536",0.494,13.7,31.3,0.235,0.52,13.2,73.3,0.205,"FedEx Forum","552,914","13,486",2010
"Chicago Bulls*","26.2","41","41","36","46","-1.63","0.00","-1.64","103.5","105.3","-1.8","93.1",".287",".156",".520",0.477,13.3,26.6,0.217,0.484,12.3,74.8,0.212,"United Center","849,760","20,726",2010
"Toronto Raptors","25.2","40","42","36","46","-1.78","-0.05","-1.83","111.3","113.2","-1.9","93.1",".319",".211",".564",0.521,12.7,24.7,0.244,0.513,11.8,72.9,0.247,"Air Canada Centre","733,784","17,897",2010
"New Orleans Hornets","27.5","37","45","34","48","-2.46","0.19","-2.27","107.4","110.1","-2.7","92.6",".243",".230",".543",0.506,12.7,24.8,0.189,0.523,13.5,73.8,0.205,"New Orleans Arena","617,366","15,058",2010
"Indiana Pacers","26.6","32","50","33","49","-3.01","-0.10","-3.11","103.7","106.8","-3.1","97.1",".296",".278",".536",0.491,13.8,21.6,0.229,0.49,13.4,73,0.258,"Conseco Fieldhouse","582,295","14,202",2010
"Golden State Warriors","25.1","26","56","32","50","-3.60","0.32","-3.28","108.1","111.7","-3.6","100.4",".294",".238",".557",0.514,13.1,20.9,0.23,0.525,15.1,68.5,0.26,"Oracle Arena","739,120","18,027",2010
"Philadelphia 76ers","25.4","27","55","30","52","-3.90","-0.03","-3.93","106.1","110.3","-4.2","91.6",".270",".206",".534",0.496,13.7,27.6,0.204,0.518,13.8,73.2,0.231,"Wachovia Center","583,219","14,225",2010
"New York Knicks","25.4","29","53","31","51","-3.82","-0.19","-4.01","107.6","111.6","-4.0","94.0",".256",".312",".547",0.509,13,23.5,0.2,0.526,13.3,72.1,0.207,"Madison Square Garden (IV)","799,550","19,501",2010
"Sacramento Kings","24.1","25","57","29","53","-4.37","0.30","-4.06","105.3","109.9","-4.6","94.0",".286",".201",".528",0.491,13.6,27.8,0.207,0.505,12.6,73.5,0.244,"Power Balance Pavilion","543,416","13,254",2010
"Washington Wizards","27.6","26","56","28","54","-4.78","0.06","-4.72","104.2","109.4","-5.2","91.6",".283",".183",".524",0.481,13.9,27.6,0.216,0.502,12.8,72.4,0.239,"Verizon Center","664,398","16,205",2010
"Detroit Pistons","26.7","27","55","26","56","-5.11","0.09","-5.02","105.6","111.4","-5.8","88.5",".303",".180",".515",0.474,12.8,30.3,0.22,0.526,14.2,73.4,0.264,"The Palace of Auburn Hills","768,826","18,752",2010
"Los Angeles Clippers","27.3","29","53","24","58","-6.35","0.34","-6.01","103.3","110.1","-6.8","92.6",".283",".221",".529",0.491,14.8,27.1,0.206,0.509,12.2,74,0.214,"STAPLES Center","670,063","16,343",2010
"New Jersey Nets","24.8","12","70","17","65","-9.12","0.19","-8.93","100.6","110.5","-9.9","91.4",".307",".181",".509",0.458,13.7,25.1,0.24,0.517,13.3,71.8,0.229,"Izod Center","537,230","13,103",2010
"Minnesota Timberwolves","24.1","15","67","17","65","-9.60","0.54","-9.06","101.7","111.6","-9.9","96.1",".278",".171",".518",0.478,14.6,26.7,0.207,0.525,13,73.6,0.22,"Target Center","619,170","15,102",2010
"Miami Heat*","29.0","58","24","61","21","7.46","-0.71","6.76","111.7","103.5","+8.2","90.9",".363",".235",".573",0.524,13.5,25.2,0.279,0.475,12.6,75.5,0.223,"AmericanAirlines Arena","810,930","19,779",2011
"Chicago Bulls*","26.4","62","20","61","21","7.32","-0.79","6.53","108.3","100.3","+8.0","90.4",".305",".215",".541",0.501,13.5,29.4,0.227,0.463,13.6,76.2,0.222,"United Center","893,462","21,792",2011
"Los Angeles Lakers*","30.2","57","25","58","24","6.11","-0.10","6.01","111.0","104.3","+6.7","90.7",".293",".220",".545",0.502,12.3,29.2,0.228,0.477,12.8,72.3,0.181,"STAPLES Center","778,877","18,997",2011
"San Antonio Spurs*","28.8","61","21","56","26","5.71","0.16","5.86","111.8","105.6","+6.2","92.3",".299",".261",".567",0.527,12.8,24.9,0.229,0.491,12.6,74.6,0.19,"AT&T Center","750,879","18,314",2011
"Orlando Magic*","27.6","52","30","56","26","5.46","-0.54","4.92","107.9","102.0","+5.9","91.2",".328",".328",".554",0.521,14.3,26.1,0.227,0.475,13.3,76.9,0.219,"Amway Center","777,852","18,972",2011
"Boston Celtics*","29.5","56","26","57","25","5.37","-0.54","4.83","106.2","100.3","+5.9","90.4",".305",".180",".561",0.519,14.5,21.1,0.235,0.469,14.8,74.7,0.235,"TD Garden","763,584","18,624",2011
"Denver Nuggets*","27.3","50","32","54","28","4.76","0.05","4.81","112.3","107.3","+5.0","95.6",".367",".258",".574",0.526,13.1,23.9,0.281,0.5,12.7,75.4,0.224,"Pepsi Center","696,568","16,989",2011
"Dallas Mavericks*","30.9","57","25","53","29","4.23","0.18","4.41","109.7","105.0","+4.7","91.3",".286",".274",".565",0.525,13.6,24.1,0.222,0.488,13,74.8,0.206,"American Airlines Center","824,162","20,102",2011
"Oklahoma City Thunder*","23.7","55","27","51","31","3.79","0.02","3.81","111.2","107.2","+4.0","92.7",".363",".212",".561",0.501,13.1,27.4,0.299,0.493,12.9,73.6,0.228,"Chesapeake Energy Arena","744,068","18,148",2011
"Memphis Grizzlies*","25.2","46","36","48","34","2.34","0.20","2.55","107.6","105.1","+2.5","91.9",".291",".136",".534",0.493,13,28.9,0.218,0.502,15.7,72.5,0.228,"FedEx Forum","600,687","14,651",2011
"Houston Rockets","26.5","43","39","47","35","2.18","0.19","2.37","111.3","109.0","+2.3","94.2",".299",".264",".550",0.503,12.3,27.4,0.239,0.5,12.6,72.7,0.219,"Toyota Center","663,839","16,191",2011
"Portland Trail Blazers*","26.7","48","34","46","36","1.52","0.32","1.85","108.8","107.1","+1.7","87.9",".278",".228",".533",0.486,12.6,29.5,0.224,0.51,15.4,72,0.231,"Rose Garden Arena","840,924","20,510",2011
"New Orleans Hornets*","26.3","46","36","44","38","0.89","0.39","1.28","106.2","105.2","+1.0","88.7",".296",".192",".537",0.493,12.8,25.1,0.226,0.501,14.4,76.2,0.22,"New Orleans Arena","603,088","14,709",2011
"Philadelphia 76ers*","24.7","41","41","45","37","1.50","-0.50","1.01","106.6","105.0","+1.6","91.7",".273",".184",".535",0.494,12.3,24.6,0.21,0.487,13.5,74.5,0.231,"Wells Fargo Center","604,823","14,752",2011
"New York Knicks*","25.3","42","40","43","39","0.78","-0.30","0.48","110.9","110.1","+0.8","95.6",".304",".303",".561",0.513,12.6,24.2,0.246,0.511,13.8,71.9,0.24,"Madison Square Garden (IV)","808,879","19,729",2011
"Phoenix Suns","29.6","40","42","39","43","-0.89","0.43","-0.46","109.5","110.4","-0.9","94.4",".283",".271",".559",0.522,13.2,23.7,0.215,0.513,13.1,71.6,0.211,"US Airways Center","720,249","17,567",2011
"Milwaukee Bucks","26.7","35","47","38","44","-0.84","-0.17","-1.02","101.6","102.5","-0.9","89.8",".287",".216",".511",0.467,13,24.7,0.217,0.481,14.7,74.8,0.236,"Bradley Center","631,912","15,412",2011
"Atlanta Hawks*","27.4","44","38","39","43","-0.82","-0.28","-1.10","106.1","107.0","-0.9","89.3",".269",".222",".542",0.501,13.5,23.4,0.209,0.495,12.3,74.6,0.211,"Philips Arena","641,596","15,649",2011
"Indiana Pacers*","25.9","37","45","38","44","-1.07","-0.30","-1.38","104.8","106.0","-1.2","94.7",".300",".244",".533",0.486,14.1,25.9,0.235,0.487,12.8,74.1,0.237,"Conseco Fieldhouse","555,077","13,538",2011
"Utah Jazz","26.8","39","43","36","46","-1.83","0.39","-1.44","108.1","110.1","-2.0","91.0",".313",".191",".544",0.498,13.5,27,0.241,0.505,13.8,71.7,0.275,"EnergySolutions Arena","799,982","19,512",2011
"Golden State Warriors","25.2","36","46","35","47","-2.33","0.33","-2.00","108.2","110.7","-2.5","94.8",".241",".248",".544",0.51,13.3,26.7,0.183,0.509,14.5,69.3,0.259,"Oracle Arena","766,398","18,693",2011
"Los Angeles Clippers","24.6","32","50","32","50","-3.13","0.42","-2.71","105.3","108.7","-3.4","92.8",".332",".230",".535",0.496,15.1,28.4,0.234,0.499,12.8,73.2,0.25,"STAPLES Center","727,462","17,743",2011
"Detroit Pistons","27.2","30","52","31","51","-3.60","-0.18","-3.78","107.7","111.7","-4.0","89.2",".279",".189",".533",0.495,12.5,27.4,0.206,0.526,13.8,72.1,0.235,"The Palace of Auburn Hills","683,080","16,660",2011
"Charlotte Bobcats","26.9","34","48","29","53","-4.00","-0.08","-4.08","103.4","107.8","-4.4","89.6",".314",".189",".528",0.482,14.1,25.7,0.237,0.5,12.9,75.2,0.229,"Time Warner Cable Arena","649,694","15,846",2011
"Sacramento Kings","24.8","24","58","27","55","-5.34","0.54","-4.80","103.5","109.0","-5.5","95.2",".284",".183",".519",0.48,14.4,29.9,0.208,0.513,13.5,74.4,0.233,"Power Balance Pavilion","569,496","13,890",2011
"Minnesota Timberwolves","23.8","17","65","24","58","-6.63","0.67","-5.97","104.2","111.1","-6.9","96.5",".282",".223",".526",0.483,15.1,29.6,0.217,0.514,13.1,73.7,0.251,"Target Center","624,960","15,243",2011
"New Jersey Nets","24.8","24","58","24","58","-6.24","-0.04","-6.28","103.1","109.9","-6.8","89.9",".283",".201",".517",0.474,13.4,26.1,0.215,0.503,11.8,74.2,0.241,"Prudential Center","581,378","13,949",2011
"Toronto Raptors","24.5","22","60","24","58","-6.28","0.01","-6.28","106.1","112.9","-6.8","92.9",".293",".162",".533",0.491,13.7,28.2,0.221,0.522,13,72,0.251,"Air Canada Centre","680,255","16,592",2011
"Washington Wizards","24.9","23","59","22","60","-7.40","0.11","-7.30","102.4","110.2","-7.8","93.8",".290",".172",".513",0.471,13.9,28,0.216,0.512,14.4,70.5,0.249,"Verizon Center","688,466","16,792",2011
"Cleveland Cavaliers","26.6","19","63","18","64","-9.01","0.14","-8.88","102.2","111.8","-9.6","93.0",".312",".224",".518",0.472,13.4,24.2,0.233,0.524,12.7,73.3,0.211,"Quicken Loans Arena","824,595","20,112",2011
"Chicago Bulls*","27.1","50","16","51","15","8.18","-0.76","7.43","107.4","98.3","+9.1","89.1",".255",".205",".523",0.49,13.2,32.6,0.184,0.45,12.8,74.3,0.175,"United Center","731,326","22,161",2012
"San Antonio Spurs*","27.5","50","16","48","18","7.17","0.11","7.28","110.9","103.2","+7.7","92.9",".261",".257",".562",0.528,12.8,25.1,0.195,0.489,12.9,76,0.168,"AT&T Center","607,095","18,397",2012
"Oklahoma City Thunder*","25.1","47","19","46","20","6.12","0.32","6.44","109.8","103.2","+6.6","93.0",".334",".252",".567",0.516,15.3,27.8,0.269,0.465,13,72.1,0.207,"Chesapeake Energy Arena","600,699","18,203",2012
"Miami Heat*","28.3","46","20","47","19","5.98","-0.27","5.72","106.6","100.2","+6.4","91.2",".307",".198",".549",0.505,14.5,26.6,0.238,0.479,15.8,73.9,0.2,"AmericanAirlines Arena","657,855","19,935",2012
"Philadelphia 76ers*","24.9","35","31","43","23","4.24","-0.65","3.59","103.9","99.2","+4.7","89.7",".217",".175",".511",0.48,10.9,24.4,0.161,0.46,13.5,75.2,0.192,"Wells Fargo Center","577,597","17,503",2012
"Denver Nuggets*","26.6","38","28","39","27","2.88","0.29","3.16","109.2","106.2","+3.0","94.2",".326",".243",".556",0.516,14.1,27.7,0.239,0.508,14.3,74.3,0.185,"Pepsi Center","561,966","17,029",2012
"Los Angeles Clippers*","27.3","40","26","39","27","2.56","0.26","2.82","108.5","105.7","+2.8","89.2",".287",".269",".533",0.502,12.7,29.5,0.195,0.492,14.2,73.2,0.245,"STAPLES Center","634,237","19,219",2012
"Atlanta Hawks*","27.9","40","26","41","25","3.44","-0.77","2.67","104.9","101.2","+3.7","90.2",".259",".249",".535",0.5,13.4,23.9,0.192,0.48,14.4,74.4,0.186,"Philips Arena","501,593","15,200",2012
"Indiana Pacers*","26.3","42","24","41","25","3.30","-0.71","2.60","106.7","103.1","+3.6","90.7",".321",".198",".526",0.474,13.1,29.2,0.251,0.476,14.1,72.3,0.222,"Bankers Life Fieldhouse","467,561","14,169",2012
"Memphis Grizzlies*","25.6","41","25","38","28","2.02","0.42","2.43","104.0","101.8","+2.2","90.8",".277",".157",".515",0.473,13.6,29.8,0.211,0.485,16.3,72.7,0.227,"FedEx Forum","518,446","15,710",2012
"New York Knicks*","26.3","36","30","41","25","3.20","-0.81","2.39","104.4","101.0","+3.4","93.2",".306",".288",".533",0.492,14.9,26.6,0.227,0.485,15.9,73.7,0.224,"Madison Square Garden (IV)","652,179","19,763",2012
"Boston Celtics*","29.3","39","27","39","27","2.52","-0.26","2.26","101.0","98.2","+2.8","90.4",".257",".194",".535",0.496,14.7,19.7,0.2,0.452,14.9,72.4,0.216,"TD Garden","614,592","18,624",2012
"Los Angeles Lakers*","29.7","41","25","36","30","1.42","0.54","1.96","106.0","104.4","+1.6","90.5",".299",".209",".534",0.491,14.2,29.1,0.226,0.476,10.7,74.8,0.158,"STAPLES Center","626,901","18,997",2012
"Dallas Mavericks*","31.3","36","30","35","31","0.95","0.83","1.78","103.3","102.3","+1.0","91.4",".246",".271",".527",0.489,13.4,23.4,0.19,0.479,13.9,74.8,0.203,"American Airlines Center","671,050","20,335",2012
"Utah Jazz*","25.6","36","30","34","32","0.62","0.30","0.92","106.8","106.1","+0.7","91.4",".302",".153",".525",0.481,13,30.2,0.227,0.493,13.8,73.8,0.245,"EnergySolutions Arena","637,124","19,307",2012
"Houston Rockets","26.2","34","32","34","32","0.23","0.35","0.57","105.5","105.2","+0.3","91.7",".235",".240",".529",0.492,13.5,27.5,0.184,0.49,13.8,73.4,0.21,"Toyota Center","506,994","15,363",2012
"Orlando Magic*","27.5","37","29","35","31","0.79","-0.33","0.46","105.0","104.1","+0.9","89.0",".292",".346",".533",0.506,14.5,26.5,0.193,0.488,12.9,75.5,0.19,"Amway Center","623,587","18,897",2012
"Phoenix Suns","28.9","33","33","32","34","-0.24","0.53","0.29","106.2","106.5","-0.3","92.6",".257",".238",".536",0.499,13.3,25.8,0.194,0.491,13.1,71.7,0.2,"US Airways Center","514,718","15,598",2012
"Portland Trail Blazers","27.5","28","38","32","34","-0.62","0.41","-0.22","105.7","106.4","-0.7","91.2",".263",".255",".531",0.488,13.4,26.3,0.209,0.504,14.1,72.8,0.199,"Rose Garden Arena","676,384","20,496",2012
"Milwaukee Bucks","26.2","31","35","34","32","0.27","-0.50","-0.23","105.5","105.2","+0.3","93.7",".250",".224",".521",0.481,12.9,27.7,0.194,0.489,14.6,70.9,0.217,"Bradley Center","485,717","14,719",2012
"Minnesota Timberwolves","24.4","26","40","28","38","-2.20","0.37","-1.83","104.3","106.6","-2.3","93.3",".306",".262",".524",0.477,14,27.5,0.236,0.491,12.2,73,0.187,"Target Center","577,197","17,491",2012
"Golden State Warriors","25.3","23","43","25","41","-3.41","0.62","-2.79","105.4","109.1","-3.7","92.3",".227",".248",".539",0.505,13.3,22.9,0.175,0.496,13.6,69.1,0.237,"Oracle Arena","622,311","18,858",2012
"New Orleans Hornets","25.5","21","45","24","42","-3.76","0.65","-3.11","100.9","105.1","-4.2","88.3",".274",".152",".517",0.476,15.2,27.5,0.207,0.485,13.5,73.1,0.218,"New Orleans Arena","498,618","15,110",2012
"Toronto Raptors","25.7","23","43","25","41","-3.30","-0.36","-3.67","100.8","104.5","-3.7","89.3",".274",".209",".518",0.475,14.8,25.9,0.211,0.475,12.8,75.4,0.26,"Air Canada Centre","555,584","16,836",2012
"Sacramento Kings","24.3","22","44","21","45","-5.68","0.73","-4.95","103.8","109.8","-6.0","94.7",".268",".228",".510",0.472,13,29.1,0.197,0.515,13.9,70.5,0.199,"Power Balance Pavilion","478,764","14,508",2012
"Washington Wizards","24.2","20","46","22","44","-4.80","-0.34","-5.14","101.0","106.2","-5.2","92.5",".253",".196",".508",0.472,14.2,27.3,0.184,0.492,14.2,70.9,0.229,"Verizon Center","552,038","16,728",2012
"Detroit Pistons","26.3","25","41","22","44","-4.79","-0.40","-5.19","101.0","106.3","-5.3","89.2",".279",".175",".510",0.468,15,28.1,0.21,0.5,14.2,72.8,0.226,"The Palace of Auburn Hills","475,638","14,413",2012
"New Jersey Nets","26.1","22","44","19","47","-5.98","-0.39","-6.37","102.9","109.6","-6.7","90.1",".269",".278",".516",0.473,14.3,27.8,0.209,0.513,13.7,70.7,0.209,"Prudential Center","460,719","13,961",2012
"Cleveland Cavaliers","26.0","21","45","17","49","-7.20","-0.14","-7.34","101.1","108.9","-7.8","91.3",".307",".238",".505",0.463,14.3,28.9,0.22,0.508,13.1,72.2,0.202,"Quicken Loans Arena","525,577","15,927",2012
"Charlotte Bobcats","24.5","7","59","7","59","-13.91","-0.05","-13.96","95.2","110.4","-15.2","91.1",".276",".169",".483",0.439,13.9,23.6,0.206,0.512,12.8,70.9,0.206,"Time Warner Cable Arena","486,984","14,757",2012
"Oklahoma City Thunder*","26.0","60","22","64","18","9.21","-0.06","9.15","112.4","102.6","+9.8","93.3",".338",".244",".580",0.527,14.4,26.7,0.28,0.469,13.5,73.4,0.197,"Chesapeake Energy Arena","746,323","18,203",2013
"Miami Heat*","30.3","66","16","62","20","7.87","-0.84","7.03","112.3","103.7","+8.6","90.7",".297",".285",".588",0.552,13.7,22.2,0.224,0.487,14.8,73,0.2,"AmericanAirlines Arena","819,290","19,983",2013
"San Antonio Spurs*","28.6","58","24","58","24","6.40","0.27","6.67","108.3","101.6","+6.7","94.2",".258",".264",".568",0.531,14,20.5,0.204,0.48,13.7,74.9,0.179,"AT&T Center","755,700","18,432",2013
"Los Angeles Clippers*","28.8","56","26","59","23","6.45","-0.02","6.43","110.6","103.6","+7.0","91.1",".286",".265",".557",0.526,13.9,28.8,0.203,0.492,15.4,73.5,0.229,"STAPLES Center","788,293","19,227",2013
"Denver Nuggets*","26.1","57","25","55","27","5.09","0.28","5.37","110.4","105.1","+5.3","95.1",".308",".217",".549",0.515,13.6,31.4,0.216,0.493,14.3,71.8,0.193,"Pepsi Center","730,616","17,820",2013
"Memphis Grizzlies*","27.0","56","26","54","28","4.15","0.18","4.32","104.9","100.3","+4.6","88.4",".261",".166",".514",0.472,13.3,31,0.202,0.475,15.2,74.3,0.209,"FedEx Forum","681,613","16,625",2013
"New York Knicks*","30.2","54","28","53","29","4.23","-0.50","3.73","111.1","106.3","+4.8","89.8",".258",".354",".550",0.515,11.7,25.6,0.196,0.508,14.8,74.7,0.216,"Madison Square Garden (IV)","780,353","19,033",2013
"Houston Rockets*","24.4","45","37","50","32","3.48","0.22","3.69","109.7","106.1","+3.6","96.1",".308",".349",".564",0.525,14.9,26.4,0.232,0.502,13.5,75.2,0.196,"Toyota Center","683,564","16,672",2013
"Indiana Pacers*","25.7","49","32","52","29","4.02","-0.69","3.34","104.3","99.8","+4.5","90.2",".293",".245",".521",0.479,14.3,30.3,0.219,0.453,12.9,74.6,0.197,"Bankers Life Fieldhouse","626,069","15,270",2013
"Los Angeles Lakers*","30.7","45","37","44","38","1.16","0.32","1.48","107.8","106.6","+1.2","94.4",".345",".303",".548",0.512,13.9,27,0.239,0.496,11.9,74.3,0.163,"STAPLES Center","778,877","18,997",2013
"Golden State Warriors*","25.3","47","35","44","38","0.89","0.42","1.32","106.4","105.5","+0.9","94.5",".255",".239",".545",0.506,14,25.4,0.201,0.486,12.4,75.5,0.211,"Oracle Arena","794,320","19,374",2013
"Brooklyn Nets*","28.6","49","33","46","36","1.78","-0.53","1.25","108.2","106.2","+2.0","88.8",".299",".269",".536",0.498,14,30.9,0.219,0.503,13.1,73.7,0.174,"Barclays Center","704,702","17,188",2013
"Utah Jazz","26.3","43","39","41","41","-0.09","0.38","0.30","106.7","106.8","-0.1","90.9",".281",".206",".533",0.492,13.8,28.8,0.214,0.501,14,73.2,0.226,"EnergySolutions Arena","763,915","18,632",2013
"Chicago Bulls*","28.0","45","37","42","40","0.32","-0.33","-0.02","103.5","103.2","+0.3","89.3",".259",".189",".512",0.47,13.6,29.4,0.201,0.477,13.2,73.6,0.206,"United Center","896,944","21,877",2013
"Atlanta Hawks*","27.1","44","38","42","40","0.40","-0.48","-0.08","104.8","104.4","+0.4","92.6",".244",".286",".546",0.517,14.2,22.2,0.174,0.496,14.2,73.6,0.181,"Philips Arena","620,146","15,126",2013
"Dallas Mavericks","29.5","41","41","39","43","-0.60","0.36","-0.24","105.9","106.5","-0.6","94.1",".242",".236",".544",0.506,13,21.8,0.192,0.492,13.3,73.1,0.227,"American Airlines Center","821,490","20,036",2013
"Boston Celtics*","29.1","41","40","40","41","-0.22","-0.40","-0.62","103.1","103.3","-0.2","91.7",".263",".215",".542",0.503,14.1,20.1,0.204,0.482,14.2,73.3,0.216,"TD Garden","744,960","18,624",2013
"Milwaukee Bucks*","26.4","38","44","37","45","-1.50","-0.33","-1.83","103.6","105.2","-1.6","94.7",".236",".232",".510",0.476,12.7,27.9,0.174,0.492,14.4,71.3,0.201,"BMO Harris Bradley Center","616,469","15,036",2013
"Minnesota Timberwolves","26.4","31","51","34","48","-2.37","0.54","-1.83","102.9","105.4","-2.5","92.8",".305",".220",".516",0.473,13.8,27.4,0.226,0.511,15,74,0.187,"Target Center","669,956","16,340",2013
"Toronto Raptors","25.4","34","48","37","45","-1.48","-0.48","-1.96","105.9","107.5","-1.6","90.4",".274",".249",".532",0.488,13,25.5,0.216,0.5,13.6,73.4,0.247,"Air Canada Centre","743,936","18,145",2013
"Portland Trail Blazers","24.4","33","49","32","50","-3.17","0.65","-2.53","105.8","109.2","-3.4","91.4",".250",".284",".536",0.498,13.9,25.3,0.194,0.512,12.5,73.3,0.189,"Rose Garden Arena","813,012","19,830",2013
"Washington Wizards","25.4","29","53","33","49","-2.54","-0.25","-2.78","100.2","103.0","-2.8","92.2",".261",".223",".512",0.475,14.2,24.6,0.191,0.483,13.7,74.6,0.206,"Verizon Center","670,070","16,343",2013
"New Orleans Hornets","24.0","27","55","30","52","-3.87","0.75","-3.12","105.7","110.1","-4.4","88.5",".248",".224",".528",0.489,14,29.2,0.193,0.52,13.1,74.4,0.208,"New Orleans Arena","565,930","13,803",2013
"Philadelphia 76ers","25.2","34","48","31","51","-3.34","-0.17","-3.51","102.0","105.7","-3.7","91.0",".200",".209",".509",0.481,12.5,24.9,0.146,0.495,13.7,73.4,0.2,"Wells Fargo Center","685,412","16,717",2013
"Sacramento Kings","25.6","28","54","28","54","-4.88","0.62","-4.26","106.2","111.4","-5.2","93.6",".271",".243",".532",0.491,13.4,26.6,0.208,0.517,13.6,71,0.227,"Sleep Train Arena","563,743","13,750",2013
"Detroit Pistons","25.3","29","53","29","53","-3.99","-0.34","-4.33","103.8","108.1","-4.3","90.8",".282",".217",".521",0.487,14.3,28.3,0.197,0.505,13.1,73,0.209,"The Palace of Auburn Hills","606,094","14,685",2013
"Cleveland Cavaliers","24.1","24","58","28","54","-4.68","-0.19","-4.87","104.3","109.4","-5.1","92.3",".265",".229",".514",0.473,13,28.1,0.2,0.523,14.4,72.6,0.225,"Quicken Loans Arena","663,882","16,192",2013
"Phoenix Suns","26.9","25","57","23","59","-6.46","0.71","-5.75","101.2","108.1","-6.9","93.4",".234",".210",".512",0.477,14.3,27,0.174,0.512,14.2,71.9,0.208,"US Airways Center","632,913","15,437",2013
"Orlando Magic","24.6","20","62","22","60","-6.99","-0.14","-7.12","101.6","109.1","-7.5","92.2",".197",".223",".514",0.485,13.7,25.4,0.149,0.508,11.8,74.6,0.195,"Amway Center","722,716","17,627",2013
"Charlotte Bobcats","24.4","21","61","17","65","-9.23","-0.06","-9.29","101.5","111.5","-10.0","91.5",".310",".210",".507",0.46,13.2,25.7,0.233,0.524,13.2,71.1,0.197,"Time Warner Cable Arena","628,293","15,324",2013
"San Antonio Spurs*","28.9","62","20","61","21","7.72","0.28","8.00","110.5","102.4","+8.1","95.0",".240",".257",".571",0.537,13.5,22.7,0.188,0.482,12.8,76.4,0.184,"AT&T Center","755,031","18,415",2014
"Los Angeles Clippers*","28.1","57","25","59","23","6.98","0.30","7.27","112.1","104.8","+7.3","95.9",".353",".291",".567",0.526,12.7,25,0.258,0.484,13.8,72.5,0.222,"STAPLES Center","787,692","19,212",2014
"Oklahoma City Thunder*","26.2","59","23","58","24","6.34","0.32","6.66","110.5","103.9","+6.6","95.4",".303",".271",".566",0.52,14,26.5,0.244,0.488,13.9,75.6,0.221,"Chesapeake Energy Arena","746,323","18,203",2014
"Golden State Warriors*","26.3","51","31","54","28","4.80","0.34","5.15","107.5","102.6","+4.9","96.2",".247",".291",".550",0.517,13.8,25.1,0.186,0.477,13.6,76.3,0.224,"Oracle Arena","803,436","19,596",2014
"Houston Rockets*","25.4","54","28","53","29","4.56","0.50","5.06","111.0","106.3","+4.7","96.3",".386",".330",".571",0.531,14.6,27.4,0.275,0.489,12.5,74.1,0.193,"Toyota Center","743,082","18,124",2014
"Portland Trail Blazers*","25.8","54","28","52","30","3.99","0.45","4.44","111.5","107.4","+4.1","94.9",".270",".290",".548",0.504,12.4,28,0.22,0.488,11,74.7,0.194,"Moda Center","809,612","19,747",2014
"Miami Heat*","30.6","54","28","54","28","4.76","-0.61","4.15","110.9","105.8","+5.1","91.2",".300",".292",".590",0.554,14.6,20.6,0.228,0.511,15.8,73,0.212,"AmericanAirlines Arena","811,036","19,781",2014
"Indiana Pacers*","27.2","56","26","54","28","4.40","-0.77","3.63","104.1","99.3","+4.8","92.5",".290",".235",".535",0.49,14.3,24.9,0.226,0.46,12.9,76.8,0.197,"Bankers Life Fieldhouse","717,542","17,501",2014
"Minnesota Timberwolves","26.3","40","42","48","34","2.67","0.43","3.10","108.9","106.2","+2.7","97.3",".321",".245",".535",0.486,12.2,27.4,0.249,0.518,14.8,74.4,0.177,"Target Center","597,157","14,565",2014
"Phoenix Suns","26.2","48","34","48","34","2.63","0.39","3.02","109.5","106.7","+2.8","95.8",".293",".300",".558",0.519,14,26.4,0.222,0.496,13.9,73.7,0.237,"US Airways Center","650,739","15,872",2014
"Dallas Mavericks*","30.6","49","33","48","34","2.40","0.50","2.91","111.2","108.7","+2.5","93.5",".253",".274",".564",0.526,12.7,24.6,0.201,0.515,14.8,72.7,0.229,"American Airlines Center","817,982","19,951",2014
"Toronto Raptors*","25.6","48","34","50","32","3.24","-0.69","2.55","108.8","105.3","+3.5","91.8",".306",".285",".545",0.498,13.2,27.2,0.239,0.493,14.1,74.9,0.237,"Air Canada Centre","748,339","18,252",2014
"Memphis Grizzlies*","28.5","50","32","46","36","1.57","0.61","2.18","106.3","104.6","+1.7","89.9",".248",".171",".529",0.494,13.1,28.3,0.184,0.497,13.8,75.7,0.199,"FedEx Forum","685,458","16,718",2014
"Chicago Bulls*","28.6","48","34","47","35","1.85","-0.66","1.20","102.5","100.5","+2.0","90.2",".290",".222",".518",0.471,14.2,27.2,0.226,0.471,13.7,75.4,0.189,"United Center","890,370","21,716",2014
"Washington Wizards*","26.3","44","38","45","37","1.27","-0.79","0.48","106.0","104.6","+1.4","93.2",".248",".246",".538",0.506,13.6,25.2,0.181,0.504,15,75.7,0.22,"Verizon Center","698,068","17,026",2014
"Atlanta Hawks*","27.5","38","44","40","42","-0.48","-0.40","-0.88","105.9","106.4","-0.5","94.6",".266",".316",".554",0.515,14.3,21,0.208,0.51,14,74.4,0.196,"Philips Arena","587,927","14,231",2014
"Charlotte Bobcats*","25.5","43","39","40","42","-0.22","-0.67","-0.89","103.6","103.8","-0.2","92.4",".297",".219",".522",0.481,11.7,21.9,0.219,0.491,12.6,77.6,0.183,"Time Warner Cable Arena","636,268","15,519",2014
"Denver Nuggets","26.0","36","46","35","47","-2.15","0.75","-1.40","106.0","108.2","-2.2","98.1",".306",".278",".536",0.497,14,27.5,0.222,0.5,12.8,74.5,0.233,"Pepsi Center","692,898","16,900",2014
"New York Knicks","28.3","37","45","39","43","-0.79","-0.61","-1.40","108.3","109.1","-0.8","90.3",".248",".302",".541",0.505,12.5,25.1,0.189,0.514,14,74.3,0.245,"Madison Square Garden (IV)","812,292","19,812",2014
"Brooklyn Nets*","30.0","44","38","38","44","-1.00","-0.58","-1.58","106.7","107.7","-1.0","91.4",".313",".301",".555",0.514,14.1,21.7,0.236,0.509,14.9,72.3,0.236,"Barclays Center","707,331","17,252",2014
"New Orleans Pelicans","24.3","34","48","33","49","-2.71","0.73","-1.98","107.2","110.1","-2.9","92.2",".286",".193",".537",0.495,12.9,26.9,0.22,0.515,13.6,73.8,0.249,"Smoothie King Center","672,029","16,391",2014
"Sacramento Kings","24.9","28","54","33","49","-2.90","0.82","-2.08","105.7","108.8","-3.1","94.4",".331",".218",".532",0.484,13.9,27.8,0.251,0.512,12.7,76.6,0.234,"Sleep Train Arena","667,949","16,291",2014
"Cleveland Cavaliers","24.9","33","49","32","50","-3.29","-0.57","-3.86","104.2","107.7","-3.5","93.1",".268",".236",".518",0.479,13,27.2,0.201,0.508,13,75.8,0.199,"Quicken Loans Arena","710,522","17,330",2014
"Detroit Pistons","24.7","29","53","31","51","-3.66","-0.48","-4.13","105.9","109.7","-3.8","94.9",".296",".222",".514",0.482,12.9,31.4,0.199,0.52,13.8,73.4,0.218,"The Palace of Auburn Hills","616,005","15,025",2014
"Boston Celtics","25.4","25","57","28","54","-4.46","-0.51","-4.97","102.9","107.7","-4.8","93.3",".248",".251",".517",0.477,14.2,27.4,0.193,0.505,13.4,74.2,0.227,"TD Garden","742,400","18,107",2014
"Los Angeles Lakers","26.8","27","55","25","57","-6.29","0.96","-5.33","104.2","110.6","-6.4","98.7",".263",".291",".542",0.505,13.7,20.2,0.199,0.513,12.4,71,0.192,"STAPLES Center","771,974","18,829",2014
"Orlando Magic","24.6","23","59","26","56","-5.44","-0.44","-5.88","101.7","107.4","-5.7","93.6",".253",".235",".525",0.487,13.9,22.4,0.193,0.504,13,75.5,0.211,"Amway Center","666,046","16,245",2014
"Utah Jazz","24.5","25","57","22","60","-7.17","0.91","-6.27","103.5","111.3","-7.8","91.4",".271",".237",".523",0.484,13.9,25.5,0.202,0.518,12.1,74.5,0.227,"EnergySolutions Arena","745,203","18,176",2014
"Milwaukee Bucks","24.7","15","67","20","62","-8.18","-0.23","-8.41","103.0","111.8","-8.8","91.8",".274",".231",".519",0.479,14.1,27.1,0.204,0.52,13.2,71.4,0.225,"BMO Harris Bradley Center","552,067","13,465",2014
"Philadelphia 76ers","23.4","19","63","16","66","-10.45","-0.21","-10.66","99.4","109.9","-10.5","99.2",".268",".258",".510",0.475,14.8,24.8,0.19,0.524,14.9,72.4,0.244,"Wells Fargo Center","568,632","13,869",2014
"Golden State Warriors*","26.6","67","15","65","17","10.10","-0.09","10.01","111.6","101.4","+10.2","98.3",".239",".311",".571",0.54,13.1,24.1,0.184,0.47,14.3,74.5,0.217,"Oracle Arena","803,436","19,596",2015
"Los Angeles Clippers*","28.8","56","26","58","24","6.59","0.22","6.80","112.4","105.5","+6.9","94.7",".303",".322",".565",0.533,11.6,22.8,0.215,0.493,13.2,75.7,0.231,"STAPLES Center","785,892","19,168",2015
"San Antonio Spurs*","29.8","55","27","58","24","6.20","0.14","6.34","108.5","102.0","+6.5","93.8",".256",".269",".555",0.517,13.1,23.4,0.2,0.484,13.3,77.3,0.19,"AT&T Center","762,855","18,606",2015
"Atlanta Hawks*","27.8","60","22","56","26","5.43","-0.68","4.75","108.9","103.1","+5.8","93.9",".259",".321",".563",0.527,13.5,21.4,0.201,0.492,14.9,73.4,0.185,"Philips Arena","713,909","17,412",2015
"Portland Trail Blazers*","27.0","51","31","53","29","4.23","0.18","4.41","108.2","103.7","+4.5","94.2",".225",".316",".544",0.508,12.6,24.2,0.18,0.476,11.3,76.2,0.182,"Moda Center","798,368","19,472",2015
"Cleveland Cavaliers*","26.9","53","29","53","29","4.48","-0.40","4.08","111.1","106.3","+4.8","92.3",".287",".334",".557",0.52,13.4,26.8,0.216,0.502,12.6,74.7,0.177,"Quicken Loans Arena","843,042","20,562",2015
"Houston Rockets*","27.6","56","26","50","32","3.44","0.38","3.82","107.0","103.4","+3.6","96.5",".312",".392",".548",0.512,15,26.8,0.223,0.486,14.6,72.9,0.208,"Toyota Center","747,412","18,230",2015
"Memphis Grizzlies*","29.6","55","27","50","32","3.24","0.38","3.62","105.7","102.2","+3.5","92.0",".276",".184",".531",0.489,12.6,24.7,0.214,0.492,14.5,75.3,0.183,"FedEx Forum","710,502","17,329",2015
"Dallas Mavericks*","29.9","50","32","49","33","2.90","0.46","3.36","109.5","106.4","+3.1","95.2",".262",".296",".550",0.515,11.9,23.6,0.197,0.503,14.7,72.2,0.204,"American Airlines Center","827,702","20,188",2015
"Chicago Bulls*","28.8","50","32","50","32","3.00","-0.46","2.54","107.5","104.3","+3.2","92.8",".304",".269",".536",0.489,12.9,27,0.238,0.473,11.3,74.4,0.182,"United Center","886,612","21,625",2015
"Oklahoma City Thunder","25.4","45","37","47","35","2.18","0.28","2.47","107.8","105.5","+2.3","95.7",".284",".262",".532",0.492,13.1,28.9,0.214,0.489,12.4,75.6,0.213,"Chesapeake Energy Arena","746,323","18,203",2015
"Toronto Raptors*","26.1","49","33","49","33","3.07","-0.62","2.45","111.0","107.7","+3.3","92.8",".295",".302",".553",0.508,12,25.6,0.232,0.506,13.4,73.3,0.208,"Air Canada Centre","809,824","19,752",2015
"New Orleans Pelicans*","25.3","45","37","43","39","0.79","0.34","1.13","108.2","107.3","+0.9","91.4",".263",".233",".537",0.501,12.5,27.1,0.198,0.496,11.7,75.1,0.195,"Smoothie King Center","683,757","16,677",2015
"Utah Jazz","23.4","38","44","42","40","0.22","0.49","0.71","105.1","104.9","+0.2","90.4",".297",".274",".531",0.494,14.6,29.1,0.214,0.491,12.8,76.3,0.199,"EnergySolutions Arena","772,059","18,831",2015
"Washington Wizards*","28.6","46","36","43","39","0.72","-0.55","0.17","103.7","103.0","+0.7","93.7",".259",".203",".534",0.499,14,24.9,0.192,0.481,12.9,77.3,0.21,"Verizon Center","747,796","18,239",2015
"Milwaukee Bucks*","24.6","41","41","42","40","0.43","-0.52","-0.09","102.7","102.2","+0.5","94.1",".258",".223",".536",0.499,15.5,25.4,0.195,0.487,15.9,73.3,0.221,"BMO Harris Bradley Center","593,910","14,813",2015
"Indiana Pacers","28.3","38","44","42","40","0.28","-0.51","-0.23","103.5","103.2","+0.3","93.2",".266",".255",".523",0.484,13.1,24,0.201,0.478,12,77.9,0.217,"Bankers Life Fieldhouse","691,434","16,864",2015
"Phoenix Suns","25.7","39","43","38","44","-0.90","0.52","-0.38","105.3","106.2","-0.9","96.3",".251",".291",".537",0.501,13.7,24.5,0.191,0.497,14,73.5,0.221,"US Airways Center","693,862","16,923",2015
"Boston Celtics*","25.0","40","42","41","41","0.16","-0.56","-0.40","104.7","104.5","+0.2","95.8",".233",".280",".523",0.489,12.5,24.7,0.176,0.494,13.7,75,0.208,"TD Garden","721,350","17,594",2015
"Detroit Pistons","25.9","32","50","38","44","-1.00","-0.39","-1.39","105.3","106.4","-1.1","92.8",".261",".290",".515",0.482,12.3,27.7,0.184,0.502,13.2,75,0.192,"The Palace of Auburn Hills","625,917","15,266",2015
"Miami Heat","28.5","37","45","33","49","-2.60","-0.32","-2.92","103.9","106.7","-2.8","90.9",".306",".262",".540",0.5,14.5,23.2,0.227,0.505,14.2,73.4,0.213,"AmericanAirlines Arena","808,223","19,713",2015
"Denver Nuggets","26.4","30","52","31","51","-3.55","0.48","-3.07","104.5","108.2","-3.7","96.1",".278",".284",".518",0.479,12.7,26.6,0.204,0.504,13,74.7,0.239,"Pepsi Center","602,707","14,700",2015
"Sacramento Kings","26.0","29","53","31","51","-3.71","0.64","-3.07","105.3","109.2","-3.9","95.4",".363",".204",".542",0.49,14.8,26.5,0.276,0.507,11.8,75.2,0.2,"Sleep Train Arena","680,049","16,587",2015
"Brooklyn Nets*","28.6","38","44","33","49","-2.88","-0.25","-3.13","104.4","107.4","-3.0","92.7",".267",".240",".529",0.491,13,23.9,0.2,0.506,12.9,73.7,0.185,"Barclays Center","698,529","17,037",2015
"Charlotte Hornets","26.0","33","49","32","50","-3.17","-0.27","-3.44","100.1","103.5","-3.4","93.0",".269",".226",".498",0.456,11.2,22.1,0.202,0.487,12,79.3,0.188,"Time Warner Cable Arena","704,886","17,192",2015
"Orlando Magic","24.3","25","57","25","57","-5.72","-0.15","-5.87","101.6","107.7","-6.1","93.8",".230",".235",".524",0.494,14,23.1,0.168,0.514,13.6,76,0.21,"Amway Center","688,194","16,785",2015
"Los Angeles Lakers","27.0","21","61","23","59","-6.84","0.67","-6.17","103.4","110.6","-7.2","94.0",".276",".220",".513",0.473,12.1,25.4,0.204,0.518,12.1,76.3,0.231,"STAPLES Center","768,244","18,738",2015
"Minnesota Timberwolves","24.4","16","66","19","63","-8.79","0.79","-8.00","102.9","112.2","-9.3","94.4",".309",".179",".517",0.468,13.7,26.6,0.24,0.537,13.9,71.6,0.187,"Target Center","595,652","14,416",2015
"Philadelphia 76ers","23.2","18","64","18","64","-8.98","-0.07","-9.04","95.5","104.8","-9.3","95.7",".288",".319",".494",0.459,16,25.5,0.195,0.497,15.2,73,0.225,"Wells Fargo Center","571,572","13,941",2015
"New York Knicks","26.9","17","65","17","65","-9.32","-0.18","-9.50","99.9","110.0","-10.1","91.2",".234",".240",".508",0.47,14,24.5,0.18,0.512,13.3,73.1,0.234,"Madison Square Garden (IV)","812,292","19,812",2015
"Golden State Warriors*","27.4","73","9","65","17","10.76","-0.38","10.38","114.5","103.8","+10.7","99.3",".250",".362",".593",0.563,13.5,23.5,0.191,0.479,12.6,76,0.208,"Oracle Arena","803,436","19,596",2016
"San Antonio Spurs*","30.3","67","15","67","15","10.63","-0.36","10.28","110.3","99.0","+11.3","93.8",".246",".223",".564",0.526,12.4,23,0.197,0.477,14.1,79.1,0.182,"AT&T Center","756,445","18,450",2016
"Oklahoma City Thunder*","25.8","55","27","59","23","7.28","-0.19","7.09","113.1","105.6","+7.5","96.7",".292",".275",".565",0.524,14,31.1,0.228,0.484,11.7,76,0.205,"Chesapeake Energy Arena","746,323","18,203",2016
"Cleveland Cavaliers*","28.1","57","25","57","25","6.00","-0.55","5.45","110.9","104.5","+6.4","93.3",".259",".352",".558",0.524,12.7,25.1,0.194,0.496,12.6,78.5,0.205,"Quicken Loans Arena","843,042","20,562",2016
"Los Angeles Clippers*","29.7","53","29","53","29","4.28","-0.15","4.13","108.3","103.8","+4.5","95.8",".318",".324",".556",0.524,12.1,20.1,0.22,0.48,13.8,73.8,0.222,"STAPLES Center","786,910","19,193",2016
"Toronto Raptors*","26.3","56","26","53","29","4.50","-0.42","4.08","110.0","105.2","+4.8","92.9",".328",".287",".552",0.504,12.3,24.6,0.255,0.498,12.7,77.7,0.201,"Air Canada Centre","812,863","19,826",2016
"Atlanta Hawks*","28.2","48","34","51","31","3.61","-0.12","3.49","105.1","101.4","+3.7","97.1",".237",".336",".552",0.516,13.8,19.1,0.185,0.48,14.4,74.6,0.194,"Philips Arena","690,150","16,833",2016
"Boston Celtics*","25.2","48","34","50","32","3.21","-0.37","2.84","106.8","103.6","+3.2","98.5",".264",".293",".531",0.488,12.1,25.1,0.208,0.487,14.6,74.6,0.231,"TD Garden","749,076","18,270",2016
"Charlotte Hornets*","26.0","48","34","49","33","2.72","-0.36","2.36","107.1","104.3","+2.8","95.7",".280",".348",".545",0.502,11.7,20,0.222,0.496,12.5,79.8,0.191,"Time Warner Cable Arena","716,894","17,485",2016
"Utah Jazz","24.2","40","42","46","36","1.79","0.05","1.84","105.9","103.9","+2.0","91.0",".286",".297",".540",0.501,14.2,25.9,0.213,0.495,13.5,77.7,0.21,"Vivint Smart Home Arena","791,489","19,305",2016
"Indiana Pacers*","26.9","45","37","46","36","1.71","-0.09","1.62","104.6","102.9","+1.7","96.6",".268",".270",".536",0.497,13.5,23.4,0.205,0.489,14.3,76,0.205,"Bankers Life Fieldhouse","690,733","16,847",2016
"Miami Heat*","28.4","48","34","46","36","1.65","-0.14","1.50","106.1","104.4","+1.7","93.6",".282",".221",".545",0.508,13.3,23.8,0.21,0.485,12.1,77.8,0.196,"AmericanAirlines Arena","809,350","19,740",2016
"Portland Trail Blazers*","24.3","44","38","43","39","0.83","0.15","0.98","108.8","108.0","+0.8","96.0",".268",".332",".548",0.511,13.2,25.9,0.202,0.503,12.1,76.2,0.225,"Moda Center","794,085","19,368",2016
"Detroit Pistons*","25.0","44","38","43","39","0.61","-0.18","0.43","106.1","105.5","+0.6","95.1",".296",".303",".522",0.491,12.2,27,0.197,0.504,12.5,79.3,0.196,"The Palace of Auburn Hills","677,138","16,516",2016
"Houston Rockets*","27.8","41","41","42","40","0.20","0.14","0.34","108.3","108.1","+0.2","97.6",".352",".370",".553",0.516,14.2,25.7,0.244,0.516,14.7,72.8,0.219,"Toyota Center","737,244","17,982",2016
"Dallas Mavericks*","30.3","42","40","40","42","-0.30","0.29","-0.02","106.7","107.0","-0.3","94.3",".265",".339",".544",0.502,12,20.6,0.211,0.504,12.8,76.2,0.198,"American Airlines Center","825,901","20,144",2016
"Washington Wizards","27.3","41","41","40","42","-0.50","0.00","-0.50","105.3","105.8","-0.5","98.5",".263",".282",".544",0.511,13.1,20.6,0.192,0.515,14.6,77.7,0.218,"Verizon Center","725,426","17,693",2016
"Chicago Bulls","27.6","42","40","37","45","-1.48","0.01","-1.46","105.0","106.5","-1.5","95.7",".240",".244",".526",0.487,12.6,24.5,0.189,0.485,10.7,74.9,0.182,"United Center","894,659","21,821",2016
"Orlando Magic","23.9","35","47","36","46","-1.62","-0.06","-1.68","105.1","106.8","-1.7","96.0",".232",".255",".533",0.5,12.8,23.1,0.175,0.513,13.8,76.5,0.215,"Amway Center","719,275","17,515",2016
"Memphis Grizzlies*","30.5","42","40","35","47","-2.24","0.11","-2.14","105.4","107.8","-2.4","93.3",".295",".222",".524",0.477,12.3,25.3,0.231,0.518,15.2,75.1,0.251,"FedEx Forum","701,894","17,119",2016
"Sacramento Kings","26.6","33","49","34","48","-2.48","0.16","-2.32","106.0","108.4","-2.4","100.0",".295",".260",".546",0.51,14.2,23.9,0.214,0.521,14,74.9,0.202,"Sleep Train Arena","707,526","17,222",2016
"New York Knicks","27.2","32","50","33","49","-2.73","0.00","-2.74","104.6","107.6","-3.0","93.4",".255",".256",".527",0.483,12.6,23.7,0.205,0.487,10.5,75.8,0.204,"Madison Square Garden (IV)","812,292","19,812",2016
"Denver Nuggets","24.7","33","49","33","49","-3.10","0.29","-2.81","105.6","108.9","-3.3","95.7",".282",".277",".531",0.489,13.2,25.8,0.216,0.515,12.6,77.3,0.216,"Pepsi Center","577,898","14,095",2016
"Minnesota Timberwolves","24.6","29","53","31","51","-3.54","0.15","-3.38","106.5","110.1","-3.6","95.2",".332",".202",".549",0.498,13.9,24.3,0.263,0.524,13.6,74.7,0.2,"Target Center","581,178","14,175",2016
"New Orleans Pelicans","26.6","30","52","31","51","-3.79","0.24","-3.56","105.6","109.5","-3.9","96.8",".259",".277",".537",0.498,12.3,21.2,0.201,0.523,12.7,78.8,0.225,"Smoothie King Center","688,549","16,794",2016
"Milwaukee Bucks","23.5","33","49","29","53","-4.18","0.20","-3.98","104.3","108.7","-4.4","94.2",".276",".189",".537",0.499,14.2,24.9,0.207,0.51,14.2,73.1,0.221,"BMO Harris Bradley Center","621,808","15,166",2016
"Phoenix Suns","26.0","23","59","24","58","-6.66","0.34","-6.32","102.2","109.0","-6.8","98.5",".271",".302",".526",0.487,15.2,25.4,0.204,0.523,13.5,77.1,0.237,"Talking Stick Resort Arena","701,405","17,107",2016
"Brooklyn Nets","26.9","21","61","22","60","-7.35","0.24","-7.12","103.2","110.9","-7.7","95.2",".246",".218",".527",0.492,13.6,24.1,0.186,0.534,13.1,75.7,0.176,"Barclays Center","620,142","15,125",2016
"Los Angeles Lakers","26.5","17","65","17","65","-9.56","0.64","-8.92","101.6","111.6","-10.0","95.6",".292",".290",".509",0.46,12.5,23.1,0.228,0.523,11.6,74.7,0.202,"STAPLES Center","778,877","18,997",2016
"Philadelphia 76ers","23.3","10","72","16","66","-10.23","0.31","-9.92","98.8","109.2","-10.4","97.9",".269",".327",".519",0.487,14.8,20.6,0.186,0.51,13.5,74,0.24,"Wells Fargo Center","614,650","14,991",2016
"Golden State Warriors*","28.2","67","15","67","15","11.63","-0.28","11.35","115.6","104.0","+11.6","99.8",".259",".359",".597",0.563,13.2,22.8,0.204,0.486,13.5,74.9,0.198,"Oracle Arena","803,436","19,596",2017
"San Antonio Spurs*","29.6","61","21","60","22","7.20","-0.06","7.13","111.1","103.5","+7.6","94.2",".263",".281",".564",0.524,12.6,24,0.21,0.492,13.5,77.6,0.192,"AT&T Center","755,347","18,423",2017
"Houston Rockets*","27.4","55","27","55","27","5.77","0.08","5.84","114.7","109.0","+5.7","100.0",".304",".462",".583",0.545,13.3,24.6,0.233,0.519,13.2,75.8,0.194,"Toyota Center","695,903","16,973",2017
"Los Angeles Clippers*","30.0","51","31","52","30","4.29","0.13","4.42","112.7","108.2","+4.5","96.1",".312",".329",".574",0.537,12,21.5,0.233,0.506,12.1,76.9,0.211,"STAPLES Center","782,609","19,088",2017
"Utah Jazz*","26.8","51","31","52","30","3.94","0.06","4.00","109.6","105.3","+4.3","91.6",".288",".327",".563",0.526,13.2,23.2,0.215,0.493,11.8,78.9,0.195,"Vivint Smart Home Arena","806,142","19,662",2017
"Toronto Raptors*","26.1","51","31","52","30","4.21","-0.56","3.65","112.3","107.8","+4.5","94.7",".293",".289",".561",0.517,11.8,25,0.233,0.507,13.5,76.3,0.223,"Air Canada Centre","813,050","19,830",2017
"Cleveland Cavaliers*","29.2","51","31","49","33","3.18","-0.31","2.87","113.6","110.3","+3.3","96.2",".275",".399",".580",0.547,12.6,21.9,0.206,0.516,11.4,75.8,0.174,"Quicken Loans Arena","843,042","20,562",2017
"Boston Celtics*","25.9","53","29","48","34","2.63","-0.39","2.25","111.2","108.4","+2.8","96.8",".273",".393",".567",0.525,12.2,21.2,0.22,0.503,12.6,75.3,0.223,"TD Garden","760,690","18,553",2017
"Washington Wizards*","26.0","49","33","46","36","1.80","-0.45","1.36","111.2","109.3","+1.9","97.4",".254",".284",".564",0.528,12.8,24.1,0.199,0.524,13.8,75.5,0.213,"Verizon Center","697,107","17,003",2017
"Oklahoma City Thunder*","24.7","47","35","43","39","0.76","0.39","1.14","108.3","107.5","+0.8","97.8",".295",".295",".540",0.5,13.2,27.9,0.22,0.511,12.5,79,0.218,"Chesapeake Energy Arena","746,323","18,203",2017
"Memphis Grizzlies*","29.5","43","39","42","40","0.49","0.47","0.96","107.7","107.1","+0.6","92.3",".280",".316",".535",0.491,12.1,24.8,0.219,0.506,13.6,77.5,0.256,"FedEx Forum","677,314","16,520",2017
"Miami Heat","26.5","41","41","44","38","1.06","-0.29","0.77","107.8","106.7","+1.1","95.2",".251",".314",".541",0.512,12.4,24.2,0.177,0.496,12.6,76.4,0.22,"AmericanAirlines Arena","805,400","19,644",2017
"Denver Nuggets","25.2","40","42","42","40","0.51","0.19","0.70","113.2","112.7","+0.5","98.3",".276",".329",".568",0.53,13.2,27.3,0.214,0.532,10.9,78.7,0.194,"Pepsi Center","605,585","14,672",2017
"Chicago Bulls*","26.9","41","41","42","40","0.43","-0.39","0.03","107.4","107.0","+0.4","95.3",".259",".256",".530",0.487,12.3,27,0.206,0.507,12.4,76.8,0.169,"United Center","888,882","21,680",2017
"Charlotte Hornets","26.5","36","46","42","40","0.20","-0.26","-0.07","108.8","108.6","+0.2","95.7",".279",".335",".547",0.501,10.7,19.9,0.227,0.523,12.1,79.6,0.164,"Spectrum Center","710,643","17,333",2017
"Portland Trail Blazers*","24.8","41","41","40","42","-0.52","0.30","-0.23","110.3","110.8","-0.5","96.7",".275",".322",".559",0.52,12.5,23,0.214,0.508,11.6,76.8,0.241,"Moda Center","792,029","19,318",2017
"Milwaukee Bucks*","25.6","42","40","40","42","-0.18","-0.26","-0.45","109.1","109.3","-0.2","94.5",".274",".290",".565",0.527,13.2,21.5,0.21,0.518,13.6,75.4,0.215,"BMO Harris Bradley Center","648,952","15,828",2017
"Indiana Pacers*","27.0","42","40","40","42","-0.22","-0.42","-0.64","108.6","108.8","-0.2","95.9",".261",".272",".558",0.516,12.8,21.2,0.212,0.512,13.6,75.5,0.225,"Bankers Life Fieldhouse","684,578","16,697",2017
"Minnesota Timberwolves","24.0","31","51","38","44","-1.11","0.47","-0.64","110.8","112.0","-1.2","94.6",".287",".249",".555",0.511,12.9,27.2,0.229,0.535,13.2,75.9,0.212,"Target Center","607,203","14,810",2017
"Atlanta Hawks*","27.9","43","39","39","43","-0.85","-0.38","-1.23","104.9","105.7","-0.8","97.4",".295",".309",".541",0.504,14.2,23.6,0.215,0.507,13.8,76.1,0.179,"Philips Arena","654,306","15,959",2017
"Detroit Pistons","25.4","37","45","38","44","-1.12","-0.17","-1.29","106.0","107.1","-1.1","95.0",".218",".263",".521",0.492,10.9,24.1,0.157,0.516,12.1,81.2,0.197,"The Palace of Auburn Hills","655,141","15,979",2017
"New Orleans Pelicans","25.7","34","48","35","47","-2.10","0.41","-1.69","105.2","107.4","-2.2","98.0",".256",".308",".539",0.504,11.7,18.5,0.192,0.509,12.4,76.8,0.177,"Smoothie King Center","663,099","16,173",2017
"Dallas Mavericks","27.6","33","49","33","49","-2.93","0.40","-2.53","105.6","108.8","-3.2","92.2",".225",".366",".541",0.505,11.6,18.1,0.18,0.529,14.4,77.6,0.218,"American Airlines Center","811,366","19,789",2017
"Sacramento Kings","27.9","32","50","31","51","-3.88","0.58","-3.29","107.3","111.3","-4.0","94.9",".284",".291",".556",0.516,13.7,21,0.22,0.528,12.9,76.3,0.227,"Golden 1 Center","721,928","17,608",2017
"New York Knicks","27.3","31","51","31","51","-3.67","-0.20","-3.87","107.7","111.5","-3.8","96.0",".239",".279",".534",0.496,12.4,26.6,0.188,0.511,11.7,74.1,0.214,"Madison Square Garden (IV)","810,741","19,774",2017
"Phoenix Suns","25.0","24","58","27","55","-5.63","0.49","-5.14","106.6","112.2","-5.6","100.3",".297",".255",".538",0.493,13.4,26,0.231,0.525,13.1,76.4,0.264,"Talking Stick Resort Arena","708,639","17,134",2017
"Philadelphia 76ers","24.6","28","54","26","56","-5.70","-0.14","-5.83","103.2","108.9","-5.7","98.5",".258",".349",".539",0.501,14.9,22.4,0.199,0.512,13.5,75.3,0.234,"Wells Fargo Center","710,557","17,331",2017
"Los Angeles Lakers","25.1","26","56","24","58","-6.88","0.58","-6.29","106.0","113.0","-7.0","98.5",".259",".295",".537",0.501,13.5,25,0.195,0.542,13,75.8,0.213,"STAPLES Center","776,917","18,949",2017
"Orlando Magic","25.3","29","53","24","58","-6.57","-0.04","-6.61","103.7","110.5","-6.8","96.8",".246",".300",".524",0.489,12.1,21.6,0.184,0.523,11.9,77.4,0.201,"Amway Center","727,875","17,753",2017
"Brooklyn Nets","26.0","20","62","24","58","-6.73","-0.01","-6.74","104.1","110.7","-6.6","101.3",".289",".371",".551",0.507,14.7,19.6,0.228,0.513,11.6,76.1,0.212,"Barclays Center","632,608","15,429",2017
"Houston Rockets*","29.8","65","17","61","21","8.48","-0.27","8.21","114.7","106.1","+8.6","97.6",".298",".502",".590",0.551,12.7,21.3,0.233,0.521,13.4,79.9,0.171,"Toyota Center","732,722","17,871",2018
"Toronto Raptors*","25.8","59","23","60","22","7.78","-0.49","7.29","113.8","105.9","+7.9","97.4",".250",".377",".575",0.539,12.1,23,0.198,0.501,13,77.7,0.212,"Air Canada Centre","813,431","19,840",2018
"Golden State Warriors*","28.8","58","24","56","26","5.98","-0.19","5.79","113.6","107.6","+6.0","99.6",".239",".339",".603",0.569,14.1,21,0.195,0.504,12.6,76.3,0.186,"Oracle Arena","803,436","19,596",2018
"Utah Jazz*","26.7","48","34","53","29","4.30","0.17","4.47","108.4","103.9","+4.5","95.7",".260",".357",".564",0.527,13.7,21.5,0.202,0.506,14,79.8,0.19,"Vivint Smart Home Arena","734,806","17,922",2018
"Philadelphia 76ers*","25.8","52","30","53","29","4.50","-0.20","4.30","109.5","105.0","+4.5","99.8",".263",".344",".568",0.535,14.6,25.3,0.198,0.492,12.6,78.6,0.218,"Wells Fargo Center","833,503","20,361",2018
"Oklahoma City Thunder*","27.3","48","34","50","32","3.41","0.00","3.42","110.7","107.2","+3.5","96.7",".275",".345",".546",0.514,12.4,27.7,0.197,0.525,14.7,77.4,0.193,"Chesapeake Energy Arena","746,322","18,203",2018
"Boston Celtics*","24.7","55","27","51","31","3.59","-0.35","3.23","107.6","103.9","+3.7","96.0",".243",".357",".552",0.518,13,21.5,0.188,0.495,13,78.4,0.191,"TD Garden","763,584","18,624",2018
"San Antonio Spurs*","29.3","47","35","49","33","2.89","0.00","2.89","107.9","104.8","+3.1","95.0",".245",".282",".543",0.507,12.2,23.7,0.189,0.507,13.2,78.6,0.17,"AT&T Center","754,562","18,404",2018
"Portland Trail Blazers*","25.6","49","33","48","34","2.60","0.00","2.60","109.1","106.4","+2.7","96.5",".240",".324",".549",0.511,12.3,23.3,0.192,0.503,11.7,79.1,0.193,"Moda Center","795,750","19,409",2018
"Minnesota Timberwolves*","27.1","47","35","47","35","2.23","0.12","2.35","113.4","111.1","+2.3","96.0",".280",".261",".566",0.523,11.4,24.4,0.225,0.539,13.9,76.4,0.189,"Target Center","699,308","17,056",2018
"Denver Nuggets","25.1","46","36","45","37","1.48","0.09","1.57","112.5","111.0","+1.5","96.8",".258",".357",".570",0.536,13.4,25.7,0.198,0.539,12.6,77.5,0.173,"Pepsi Center","702,796","17,141",2018
"New Orleans Pelicans*","27.6","48","34","44","38","1.30","0.18","1.48","109.6","108.3","+1.3","100.5",".237",".319",".573",0.541,13.3,20,0.183,0.513,12.5,76.7,0.175,"Smoothie King Center","673,920","16,437",2018
"Indiana Pacers*","26.2","48","34","45","37","1.38","-0.20","1.18","109.5","108.1","+1.4","96.0",".222",".284",".557",0.525,12.3,22.7,0.173,0.527,14.2,76.2,0.174,"Bankers Life Fieldhouse","658,119","16,052",2018
"Cleveland Cavaliers*","30.6","50","32","43","39","0.94","-0.35","0.59","112.9","111.9","+1.0","98.0",".275",".379",".584",0.547,12.6,20.1,0.214,0.54,12.2,77.3,0.166,"Quicken Loans Arena","843,042","20,562",2018
"Washington Wizards*","26.9","43","39","43","39","0.59","-0.06","0.53","109.3","108.7","+0.6","96.6",".254",".310",".560",0.525,13.3,23.5,0.196,0.522,13.6,77.1,0.212,"Capital One Arena","739,302","18,032",2018
"Los Angeles Clippers","27.0","42","40","41","41","0.04","0.11","0.15","110.3","110.2","+0.1","98.7",".299",".314",".564",0.527,13.2,23.5,0.222,0.52,12.6,76.1,0.203,"STAPLES Center","697,812","17,020",2018
"Miami Heat*","26.5","44","38","42","40","0.48","-0.33","0.15","106.8","106.3","+0.5","95.6",".229",".358",".551",0.52,13.3,21.5,0.173,0.507,13.1,79,0.215,"AmericanAirlines Arena","804,850","19,630",2018
"Charlotte Hornets","26.6","36","46","42","40","0.26","-0.19","0.07","109.4","109.1","+0.3","98.4",".312",".314",".549",0.508,11.4,22.2,0.233,0.532,12.4,80.7,0.165,"Spectrum Center","671,404","16,376",2018
"Detroit Pistons","25.9","39","43","41","41","-0.15","-0.11","-0.26","107.2","107.3","-0.1","96.2",".227",".333",".543",0.512,12.3,22.7,0.169,0.524,13.7,78.5,0.172,"Little Caesars Arena","713,945","17,413",2018
"Milwaukee Bucks*","25.9","44","38","40","42","-0.30","-0.15","-0.45","109.8","110.1","-0.3","96.2",".281",".297",".571",0.531,12.9,20.4,0.22,0.528,14.2,75.9,0.22,"BMO Harris Bradley Center","685,303","16,856",2018
"Los Angeles Lakers","23.7","35","47","37","45","-1.55","0.11","-1.44","106.5","108.0","-1.5","100.3",".264",".329",".548",0.517,13.8,23.6,0.188,0.514,12.5,77.7,0.19,"STAPLES Center","776,327","18,935",2018
"Dallas Mavericks","27.7","24","58","33","49","-3.04","0.34","-2.70","106.3","109.5","-3.2","95.6",".217",".382",".544",0.513,11.6,18,0.166,0.532,12.9,78.9,0.193,"American Airlines Center","811,453","19,792",2018
"New York Knicks","26.3","29","53","32","50","-3.56","0.03","-3.53","107.1","110.7","-3.6","96.8",".216",".266",".544",0.51,13.3,24.1,0.17,0.522,12.2,76.7,0.208,"Madison Square Garden (IV)","792,608","19,332",2018
"Brooklyn Nets","25.1","28","54","31","51","-3.74","0.07","-3.67","106.9","110.6","-3.7","98.9",".260",".411",".551",0.514,13.6,21,0.201,0.517,11,77,0.201,"Barclays Center","640,010","15,376",2018
"Orlando Magic","25.6","25","57","28","54","-4.82","-0.10","-4.92","105.2","110.1","-4.9","98.1",".238",".342",".545",0.512,13.3,20,0.18,0.525,12.8,75.6,0.187,"Amway Center","734,531","17,915",2018
"Atlanta Hawks","25.4","24","58","27","55","-5.45","0.15","-5.30","105.0","110.6","-5.6","98.3",".236",".363",".547",0.512,14.1,21.1,0.185,0.536,13.6,76.2,0.183,"Philips Arena","590,769","14,409",2018
"Memphis Grizzlies","26.0","22","60","25","57","-6.21","0.39","-5.81","104.5","111.0","-6.5","94.9",".255",".317",".539",0.5,14,22.4,0.201,0.529,13.8,76.5,0.256,"FedEx Forum","653,863","15,948",2018
"Sacramento Kings","26.4","27","55","23","59","-6.99","0.39","-6.60","103.7","111.1","-7.4","94.9",".194",".278",".529",0.502,12.8,21.5,0.143,0.542,13.5,77.6,0.199,"Golden 1 Center","714,680","17,431",2018
"Chicago Bulls","24.4","27","55","23","59","-7.04","0.20","-6.84","103.8","110.9","-7.1","98.3",".216",".350",".529",0.497,12.6,20.6,0.164,0.542,12.4,80.6,0.184,"United Center","851,824","20,776",2018
"Phoenix Suns","23.7","21","61","19","63","-9.37","0.57","-8.80","103.5","112.8","-9.3","100.3",".275",".320",".532",0.495,13.9,22.5,0.203,0.533,11.9,76.5,0.212,"Talking Stick Resort Arena","690,576","16,843",2018
"Milwaukee Bucks*","26.9","60","22","61","21","8.87","-0.82","8.04","113.8","105.2","+8.6","103.3",".255",".419",".583",0.55,12,20.8,0.197,0.503,11.5,80.3,0.162,"Fiserv Forum","721,692","17,602",2019
"Golden State Warriors*","28.4","57","25","56","26","6.46","-0.04","6.42","115.9","109.5","+6.4","100.9",".227",".384",".596",0.565,12.6,22.5,0.182,0.508,11.7,77.1,0.205,"Oracle Arena","803,436","19,596",2019
"Toronto Raptors*","27.3","58","24","56","26","6.09","-0.60","5.49","113.1","107.1","+6.0","100.2",".247",".379",".579",0.543,12.4,21.9,0.198,0.509,13.1,77.1,0.19,"Scotiabank Arena","812,822","19,825",2019
"Utah Jazz*","27.3","50","32","54","28","5.26","0.03","5.28","110.9","105.7","+5.2","100.3",".295",".394",".572",0.538,13.4,22.9,0.217,0.507,12.4,80.3,0.189,"Vivint Smart Home Arena","750,546","18,306",2019
"Houston Rockets*","29.2","53","29","53","29","4.77","0.19","4.96","115.5","110.7","+4.8","97.9",".279",".519",".581",0.542,12,22.8,0.221,0.525,13.4,74.4,0.21,"Toyota Center","740,392","18,058",2019
"Portland Trail Blazers*","26.2","53","29","51","31","4.20","0.24","4.43","114.7","110.5","+4.2","99.1",".258",".339",".568",0.528,12.1,26.6,0.21,0.516,11,77.9,0.195,"Moda Center","799,345","19,496",2019
"Denver Nuggets*","24.9","54","28","51","31","3.95","0.24","4.19","113.0","108.9","+4.1","97.7",".232",".348",".558",0.527,11.9,26.6,0.175,0.521,12.3,78,0.194,"Pepsi Center","756,457","18,450",2019
"Boston Celtics*","25.7","49","33","52","30","4.44","-0.54","3.90","112.2","107.8","+4.4","99.6",".215",".381",".567",0.534,11.5,21.6,0.173,0.514,13.4,77,0.198,"TD Garden","763,584","18,624",2019
"Oklahoma City Thunder*","25.7","49","33","50","32","3.40","0.15","3.56","110.3","107.0","+3.3","102.8",".266",".347",".545",0.514,11.7,26,0.19,0.523,14.4,78.2,0.206,"Chesapeake Energy Arena","746,323","18,203",2019
"Indiana Pacers*","27.0","48","34","50","32","3.33","-0.57","2.76","109.9","106.5","+3.4","98.1",".242",".292",".561",0.53,12.4,21.9,0.182,0.516,14.1,76.2,0.184,"Bankers Life Fieldhouse","689,310","16,812",2019
"Philadelphia 76ers*","26.4","51","31","48","34","2.70","-0.44","2.25","112.6","110.0","+2.6","101.6",".312",".342",".574",0.532,12.9,24.5,0.241,0.512,11.1,78.6,0.206,"Wells Fargo Center","838,342","20,447",2019
"San Antonio Spurs*","28.8","48","34","45","37","1.68","0.12","1.80","112.9","111.2","+1.7","98.3",".237",".286",".572",0.534,11,21,0.194,0.528,11,79.4,0.17,"AT&T Center","750,616","18,308",2019
"Los Angeles Clippers*","27.2","48","34","43","39","0.85","0.23","1.09","112.4","111.5","+0.9","101.7",".326",".295",".575",0.529,12.7,22,0.258,0.514,11.4,76,0.224,"STAPLES Center","710,327","17,325",2019
"Orlando Magic*","25.7","42","40","43","39","0.71","-0.43","0.28","108.9","108.1","+0.8","98.1",".216",".360",".550",0.518,11.9,22,0.168,0.515,11.8,79.7,0.186,"Amway Center","720,024","17,431",2019
"Brooklyn Nets*","25.4","42","40","41","41","-0.07","-0.33","-0.40","109.6","109.7","-0.1","100.8",".284",".403",".556",0.52,13,23.8,0.211,0.512,11.6,76.4,0.19,"Barclays Center","612,597","14,941",2019
"Miami Heat","27.0","39","43","40","42","-0.23","-0.22","-0.45","107.3","107.6","-0.3","98.2",".247",".368",".542",0.515,13.1,24.8,0.172,0.51,12.7,77.6,0.201,"AmericanAirlines Arena","805,264","19,641",2019
"Detroit Pistons*","26.9","41","41","40","42","-0.24","-0.31","-0.56","109.0","109.2","-0.2","97.4",".262",".394",".544",0.509,12.3,24.8,0.195,0.526,12.8,78.7,0.211,"Little Caesars Arena","675,963","16,487",2019
"Sacramento Kings","24.8","39","43","38","44","-1.12","0.31","-0.81","110.4","111.5","-1.1","103.1",".244",".321",".554",0.524,11.5,23.1,0.177,0.533,13.6,75.5,0.207,"Golden 1 Center","700,975","17,097",2019
"Dallas Mavericks","26.9","33","49","38","44","-1.28","0.42","-0.87","109.4","110.7","-1.3","99.0",".291",".422",".555",0.519,12.7,22.7,0.216,0.522,11.6,77.5,0.191,"American Airlines Center","820,569","20,014",2019
"Minnesota Timberwolves","26.2","36","46","37","45","-1.50","0.48","-1.02","111.4","112.9","-1.5","100.2",".267",".315",".552",0.511,11.4,24.6,0.21,0.538,12.9,74.9,0.19,"Target Center","627,543","15,306",2019
"New Orleans Pelicans","25.7","33","49","38","44","-1.33","0.23","-1.10","111.4","112.6","-1.2","103.3",".254",".324",".563",0.529,12.6,24.1,0.193,0.532,11.6,76.8,0.193,"Smoothie King Center","656,183","16,004",2019
"Charlotte Hornets","26.6","39","43","38","44","-1.10","-0.22","-1.32","111.4","112.5","-1.1","98.7",".257",".378",".554",0.514,10.9,21.7,0.205,0.538,12.1,77.1,0.179,"Spectrum Center","676,570","16,502",2019
"Los Angeles Lakers","26.2","37","45","37","45","-1.72","0.39","-1.33","107.8","109.5","-1.7","103.2",".257",".342",".554",0.527,13.4,22.2,0.18,0.516,12.2,76.4,0.192,"STAPLES Center","778,877","18,997",2019
"Memphis Grizzlies","27.7","33","49","34","48","-2.60","0.51","-2.08","106.1","108.8","-2.7","96.6",".272",".342",".548",0.508,12.9,20,0.21,0.521,13.9,77.6,0.232,"FedEx Forum","638,332","15,569",2019
"Washington Wizards","26.5","32","50","34","48","-2.90","-0.40","-3.30","111.1","113.9","-2.8","101.4",".266",".370",".567",0.531,12.3,21.3,0.204,0.546,13.5,74.1,0.199,"Capital One Arena","716,996","17,448",2019
"Atlanta Hawks","25.1","29","53","27","55","-6.02","-0.04","-6.06","108.1","113.9","-5.8","103.9",".255",".403",".555",0.522,14.3,24.7,0.192,0.541,12.8,76.4,0.237,"State Farm Arena","628,440","15,328",2019
"Chicago Bulls","24.0","22","60","21","61","-8.41","0.10","-8.32","104.8","113.2","-8.4","99.0",".235",".295",".541",0.505,12.7,19.4,0.184,0.541,11.9,77.3,0.188,"United Center","823,475","20,085",2019
"Phoenix Suns","24.0","19","63","19","63","-9.34","0.73","-8.61","105.9","115.1","-9.2","100.5",".259",".335",".552",0.514,13.8,20.5,0.202,0.545,13.5,72.5,0.236,"Talking Stick Resort Arena","627,023","15,293",2019
"New York Knicks","23.4","17","65","19","63","-9.21","0.28","-8.93","104.5","113.7","-9.2","99.6",".270",".334",".529",0.49,12.4,22.1,0.205,0.533,11.7,76.1,0.203,"Madison Square Garden (IV)","779,087","19,002",2019
"Cleveland Cavaliers","25.2","19","63","19","63","-9.61","0.22","-9.39","107.7","117.6","-9.9","96.6",".236",".332",".540",0.503,12.2,23.7,0.187,0.564,11.5,77,0.181,"Quicken Loans Arena","793,337","19,350",2019
